﻿pos_x,pos_y,rotation,side,designator,mpn,pack,footprint,value,mount_type
111.94,-85.89,-90.0,top,C1,,,C2.5-3,104,tht
193.86,-81.83,0.0,top,C10,,,C2.5-3,104,tht
129.89,-106.85,-90.0,top,C11,,,C2.5-3,104,tht
103.97,-108.32,-90.0,top,C2,,,C2.5-3,104,tht
171.68,-86.59,180.0,top,C3,,,C2.5-3,104,tht
185.09,-100.1,90.0,top,C4,,,C2.5-3,104,tht
158.63,-105.05,90.0,top,C5,,,C2.5-3,104,tht
170.57,-113.12,0.0,top,C6,,,C2.5-3,104,tht
115.37,-108.26,90.0,top,C7,,,C2.5-3,104,tht
118.21,-114.71,180.0,top,C8,,,CP_Radial_D5.0mm_P2.00mm,10uF,tht
188.12,-84.23,90.0,top,C9,,,CP_Radial_D5.0mm_P2.00mm,10uF,tht
113.99,-120.68,0.0,top,D5,,,D_DO-41_SOD81_P10.16mm_Horizontal,1N5817,tht
147.707975,-101.222798,0.0,top,J1,,,MSX_CART_SW_Official_3Holes,MSXCART1,tht
120.089201,-87.1192,90.0,top,J2,,,IDC-Header_2x05_P2.54mm_Horizontal,JTAG,tht
193.18,-88.28,0.0,top,J3,,,PinHeader_2x03_P2.54mm_Vertical,ROM_SWITCH,tht
194.484,-78.234,-90.0,top,J4,,,PinSocket_2x20_P2.54mm_Vertical,Raspberry Pi GPIO,tht
111.36,-77.09,180.0,top,LED1,,,LED3MM,LED3MM,tht
104.03,-95.14,90.0,top,R1,,,0207_7,10K,tht
106.855,-95.175,90.0,top,R2,,,0207_7,10K,tht
109.5,-95.14,90.0,top,R3,,,0207_7,10K,tht
112.01,-95.19,90.0,top,R4,,,0207_7,10K,tht
119.55,-95.25,-90.0,top,R5,,,0207_7,10k,tht
137.36,-92.62,90.0,top,R6,,,0207_7,10k,tht
101.41,-95.18,-90.0,top,R7,,,0207_7,470,tht
114.49,-95.24,90.0,top,R8,,,0207_7,10K,tht
116.97,-95.29,-90.0,top,R9,,,0207_7,10K,tht
107.56,-79.17,180.0,top,SW2,,,SW_PUSH_6mm_2Holes,RST/SHUT,tht
109.69,-106.29,90.0,top,U1,,,SOT-223-3_TabPin2,LD117A,smt
171.84,-99.82,0.0,top,U2,,,PLCC-S44,EPM3064ALC44,tht
137.44,-106.302798,90.0,top,U4,,PDIP-28 Microchip,PLCC-32_THT-Socket,AT28C256,tht
