﻿Designator,Quantity,Value,Footprint,Package,MPN,DNP,Mount_Type,Description
"C1, C2, C3, C4, C5, C6, C7",7,104,C2.5-3,,,,tht,
C8,1,10uF,CP_Radial_D5.0mm_P2.00mm,,,,tht,"Polarized capacitor, small symbol"
D5,1,1N5817,D_DO-41_SOD81_P10.16mm_Horizontal,,,,tht,"20V 1A Schottky Barrier Rectifier Diode, DO-41"
J1,1,MSXCART1,MSX_CART_SW_Official_3Holes,,,,tht,
J2,1,JTAG,IDC-Header_2x05_P2.54mm_Horizontal,,,,tht,
J3,1,ROM_SWITCH,PinHeader_2x03_P2.54mm_Vertical,,,,tht,
J4,1,Raspberry Pi GPIO,PinSocket_2x20_P2.54mm_Vertical,,,,tht,
"JP3, JP4, JP5, JP6, JP7",5,Jumper_3_Open,SolderJumper-3_P1.3mm_Open_Pad1.0x1.5mm,,,,tht,
LED1,1,LED3MM,LED3MM,,,,tht,
"R1, R2, R3, R4, R8, R9",6,10K,0207_7,,,,tht,
"R5, R6",2,10k,0207_7,,,,tht,
R7,1,470,0207_7,,,,tht,
SW2,1,RST/Shut,SW_PUSH_6mm_2Holes,,,,tht,"Push button switch, generic, two pins"
U1,1,LD117A,SOT-223-3_TabPin2,,,,smt,
U2,1,EPM3064ALC44,PLCC-S44,,,,tht,
U3,1,AT28C256,DIP-28_W15.24mm,,,,tht,
