﻿pos_x,pos_y,rotation,side,designator,mpn,pack,footprint,value,mount_type
110.49,-110.998,180.0,top,C1,,,C2.5-3,104,tht
104.394,-104.902,-90.0,top,C2,,,C2.5-3,104,tht
143.51,-94.996,-90.0,top,C3,,,C2.5-3,104,tht
117.094,-102.743,90.0,top,C4,,,C2.5-3,104,tht
131.13,-84.175,180.0,top,C5,,,C2.5-3,104,tht
130.995,-110.875,0.0,top,C6,,,C2.5-3,104,tht
186.56,-106.28,-90.0,top,C7,,,C2.5-3,104,tht
118.21,-114.71,180.0,top,C8,,,CP_Radial_D5.0mm_P2.00mm,10uF,tht
113.99,-120.68,0.0,top,D5,,,D_DO-41_SOD81_P10.16mm_Horizontal,1N5817,tht
147.828,-101.346,0.0,top,J1,,,MSX_CART_SW_Official_3Holes,MSXCART1,tht
104.902,-87.122,90.0,top,J2,,,IDC-Header_2x05_P2.54mm_Horizontal,JTAG,tht
193.802,-84.582,0.0,top,J3,,,PinHeader_2x03_P2.54mm_Vertical,ROM_SWITCH,tht
194.564,-77.47,-90.0,top,J4,,,PinSocket_2x20_P2.54mm_Vertical,Raspberry Pi GPIO,tht
135.36,-75.69,180.0,top,LED1,,,LED3MM,LED3MM,tht
101.85,-95.1,90.0,top,R1,,,0207_7,10K,tht
104.675,-95.135,90.0,top,R2,,,0207_7,10K,tht
107.32,-95.1,90.0,top,R3,,,0207_7,10K,tht
109.83,-95.15,90.0,top,R4,,,0207_7,10K,tht
181.7116,-108.7628,-90.0,top,R5,,,0207_7,10k,tht
163.83,-108.966,-90.0,top,R6,,,0207_7,10k,tht
117.3,-95.27,-90.0,top,R7,,,0207_7,470,tht
112.31,-95.2,90.0,top,R8,,,0207_7,10K,tht
114.79,-95.25,-90.0,top,R9,,,0207_7,10K,tht
130.15,-79.55,180.0,top,SW2,,,SW_PUSH_6mm_2Holes,Shutdown,tht
110.236,-104.648,90.0,top,U1,,,SOT-223-3_TabPin2,LD117A,smt
130.302,-97.536,0.0,top,U2,,,PLCC-S44,EPM3064ALC44,tht
184.15,-87.376,-90.0,top,U3,,,DIP-28_W15.24mm,AT28C256,tht
